Stendhal0,Stendhal1,9546586
Stendhal0,Stendhal2,13833414
Stendhal0,Stendhal3,1381815
Stendhal0,Stendhal4,1834080
Stendhal0,Stendhal5,10643052
Stendhal0,Stendhal6,6753965
Stendhal0,Stendhal7,31584252
Stendhal0,Stendhal8,16585927
Stendhal0,Stendhal9,3105550
Stendhal0,Stendhal10,12694273
Stendhal0,Stendhal11,6680746
Stendhal0,Stendhal12,6274870
Stendhal0,Stendhal13,9051271
Stendhal0,Stendhal14,19287885
Stendhal0,Stendhal15,14229118
Stendhal0,Stendhal16,15909011
Stendhal0,Stendhal17,4998414
Stendhal0,Stendhal18,492963
Stendhal0,Stendhal19,36613267
Stendhal1,Stendhal2,15493599
Stendhal1,Stendhal3,1175736
Stendhal1,Stendhal4,1400204
Stendhal1,Stendhal5,14277875
Stendhal1,Stendhal6,5696432
Stendhal1,Stendhal7,23583894
Stendhal1,Stendhal8,14188046
Stendhal1,Stendhal9,2540442
Stendhal1,Stendhal10,9601450
Stendhal1,Stendhal11,4740842
Stendhal1,Stendhal12,4863908
Stendhal1,Stendhal13,6931048
Stendhal1,Stendhal14,13396980
Stendhal1,Stendhal15,9867726
Stendhal1,Stendhal16,13389514
Stendhal1,Stendhal17,3557270
Stendhal1,Stendhal18,397739
Stendhal1,Stendhal19,32414437
Stendhal2,Stendhal3,1673646
Stendhal2,Stendhal4,2119713
Stendhal2,Stendhal5,16059018
Stendhal2,Stendhal6,10157541
Stendhal2,Stendhal7,32598156
Stendhal2,Stendhal8,21786818
Stendhal2,Stendhal9,3964561
Stendhal2,Stendhal10,16626501
Stendhal2,Stendhal11,7129330
Stendhal2,Stendhal12,6918506
Stendhal2,Stendhal13,9852501
Stendhal2,Stendhal14,20527094
Stendhal2,Stendhal15,20300093
Stendhal2,Stendhal16,19400470
Stendhal2,Stendhal17,5790374
Stendhal2,Stendhal18,384317
Stendhal2,Stendhal19,55231816
Stendhal3,Stendhal4,1043169
Stendhal3,Stendhal5,1685890
Stendhal3,Stendhal6,1569544
Stendhal3,Stendhal7,3670858
Stendhal3,Stendhal8,2659652
Stendhal3,Stendhal9,1217981
Stendhal3,Stendhal10,1854285
Stendhal3,Stendhal11,1278825
Stendhal3,Stendhal12,1366107
Stendhal3,Stendhal13,1574372
Stendhal3,Stendhal14,1243299
Stendhal3,Stendhal15,914314
Stendhal3,Stendhal16,1746481
Stendhal3,Stendhal17,346539
Stendhal3,Stendhal18,53691
Stendhal3,Stendhal19,3713985
Stendhal4,Stendhal5,2340193
Stendhal4,Stendhal6,1789949
Stendhal4,Stendhal7,5004121
Stendhal4,Stendhal8,3555740
Stendhal4,Stendhal9,1316375
Stendhal4,Stendhal10,2726096
Stendhal4,Stendhal11,1833024
Stendhal4,Stendhal12,1602507
Stendhal4,Stendhal13,2123072
Stendhal4,Stendhal14,2199448
Stendhal4,Stendhal15,2426157
Stendhal4,Stendhal16,1660788
Stendhal4,Stendhal17,841622
Stendhal4,Stendhal18,19306
Stendhal4,Stendhal19,5763799
Stendhal5,Stendhal6,8335293
Stendhal5,Stendhal7,27220055
Stendhal5,Stendhal8,16617778
Stendhal5,Stendhal9,3147695
Stendhal5,Stendhal10,16875284
Stendhal5,Stendhal11,8812248
Stendhal5,Stendhal12,8997883
Stendhal5,Stendhal13,12958174
Stendhal5,Stendhal14,17319955
Stendhal5,Stendhal15,18447003
Stendhal5,Stendhal16,10152466
Stendhal5,Stendhal17,6323745
Stendhal5,Stendhal18,249513
Stendhal5,Stendhal19,41854658
Stendhal6,Stendhal7,19090369
Stendhal6,Stendhal8,10081485
Stendhal6,Stendhal9,3121413
Stendhal6,Stendhal10,7717018
Stendhal6,Stendhal11,4651930
Stendhal6,Stendhal12,4139401
Stendhal6,Stendhal13,6563913
Stendhal6,Stendhal14,7839764
Stendhal6,Stendhal15,8666724
Stendhal6,Stendhal16,7670106
Stendhal6,Stendhal17,2385156
Stendhal6,Stendhal18,29783
Stendhal6,Stendhal19,21819925
Stendhal7,Stendhal8,38712541
Stendhal7,Stendhal9,8335871
Stendhal7,Stendhal10,30958176
Stendhal7,Stendhal11,16211454
Stendhal7,Stendhal12,13793004
Stendhal7,Stendhal13,48030913
Stendhal7,Stendhal14,34956706
Stendhal7,Stendhal15,79636824
Stendhal7,Stendhal16,31384485
Stendhal7,Stendhal17,14332855
Stendhal7,Stendhal18,564682
Stendhal7,Stendhal19,93803705
Stendhal8,Stendhal9,4949539
Stendhal8,Stendhal10,17186326
Stendhal8,Stendhal11,9135705
Stendhal8,Stendhal12,9249406
Stendhal8,Stendhal13,13055318
Stendhal8,Stendhal14,20213340
Stendhal8,Stendhal15,17709990
Stendhal8,Stendhal16,22053038
Stendhal8,Stendhal17,6033937
Stendhal8,Stendhal18,349477
Stendhal8,Stendhal19,57592631
Stendhal9,Stendhal10,3779129
Stendhal9,Stendhal11,3665590
Stendhal9,Stendhal12,2188546
Stendhal9,Stendhal13,2858667
Stendhal9,Stendhal14,3698278
Stendhal9,Stendhal15,4175258
Stendhal9,Stendhal16,3351237
Stendhal9,Stendhal17,1135582
Stendhal9,Stendhal18,25499
Stendhal9,Stendhal19,9435863
Stendhal10,Stendhal11,9162988
Stendhal10,Stendhal12,6177323
Stendhal10,Stendhal13,12026008
Stendhal10,Stendhal14,16280850
Stendhal10,Stendhal15,23177227
Stendhal10,Stendhal16,12310364
Stendhal10,Stendhal17,6845630
Stendhal10,Stendhal18,263721
Stendhal10,Stendhal19,45321613
Stendhal11,Stendhal12,3975393
Stendhal11,Stendhal13,5970184
Stendhal11,Stendhal14,9477966
Stendhal11,Stendhal15,11403275
Stendhal11,Stendhal16,5254396
Stendhal11,Stendhal17,4024945
Stendhal11,Stendhal18,248582
Stendhal11,Stendhal19,24243213
Stendhal12,Stendhal13,6233398
Stendhal12,Stendhal14,8593078
Stendhal12,Stendhal15,7042359
Stendhal12,Stendhal16,7325058
Stendhal12,Stendhal17,2318805
Stendhal12,Stendhal18,197602
Stendhal12,Stendhal19,16473056
Stendhal13,Stendhal14,10987878
Stendhal13,Stendhal15,41273023
Stendhal13,Stendhal16,8034274
Stendhal13,Stendhal17,4395014
Stendhal13,Stendhal18,150567
Stendhal13,Stendhal19,32089319
Stendhal14,Stendhal15,21864410
Stendhal14,Stendhal16,19026559
Stendhal14,Stendhal17,7394088
Stendhal14,Stendhal18,423651
Stendhal14,Stendhal19,49186441
Stendhal15,Stendhal16,271718265
Stendhal15,Stendhal17,97952278
Stendhal15,Stendhal18,646937
Stendhal15,Stendhal19,272318302
Stendhal16,Stendhal17,178906284
Stendhal16,Stendhal18,677018
Stendhal16,Stendhal19,479908636
Stendhal17,Stendhal18,555972
Stendhal17,Stendhal19,164873313
Stendhal18,Stendhal19,769307
