Texte 1,('http:__manuscrits-de-stendhal.org_permalien.php?id=4682'),Texte 2,('http:__manuscrits-de-stendhal.org_permalien.php?id=4681'),3290
Texte 1,('http:__manuscrits-de-stendhal.org_permalien.php?id=4682'),Texte 3,('http:__manuscrits-de-stendhal.org_permalien.php?id=4665'),426517
Texte 1,('http:__manuscrits-de-stendhal.org_permalien.php?id=4682'),Texte 4,('http:__manuscrits-de-stendhal.org_permalien.php?id=1181'),139572
Texte 1,('http:__manuscrits-de-stendhal.org_permalien.php?id=4682'),Texte 5,('http:__manuscrits-de-stendhal.org_permalien.php?id=2148'),551845
Texte 1,('http:__manuscrits-de-stendhal.org_permalien.php?id=4682'),Texte 6,('http:__manuscrits-de-stendhal.org_permalien.php?id=2150'),68391
Texte 1,('http:__manuscrits-de-stendhal.org_permalien.php?id=4682'),Texte 7,('http:__manuscrits-de-stendhal.org_permalien.php?id=2149'),310102
Texte 1,('http:__manuscrits-de-stendhal.org_permalien.php?id=4682'),Texte 8,('http:__manuscrits-de-stendhal.org_permalien.php?id=2151'),168945
Texte 1,('http:__manuscrits-de-stendhal.org_permalien.php?id=4682'),Texte 9,('http:__manuscrits-de-stendhal.org_permalien.php?id=2152'),48924
Texte 1,('http:__manuscrits-de-stendhal.org_permalien.php?id=4682'),Texte 10,('http:__manuscrits-de-stendhal.org_permalien.php?id=4398'),124404
Texte 1,('http:__manuscrits-de-stendhal.org_permalien.php?id=4682'),Texte 11,('http:__manuscrits-de-stendhal.org_permalien.php?id=4400'),300620
Texte 1,('http:__manuscrits-de-stendhal.org_permalien.php?id=4682'),Texte 12,('http:__manuscrits-de-stendhal.org_permalien.php?id=4402'),0
Texte 1,('http:__manuscrits-de-stendhal.org_permalien.php?id=4682'),Texte 13,('http:__manuscrits-de-stendhal.org_permalien.php?id=4404'),0
Texte 1,('http:__manuscrits-de-stendhal.org_permalien.php?id=4682'),Texte 14,('http:__manuscrits-de-stendhal.org_permalien.php?id=1887'),61197
Texte 1,('http:__manuscrits-de-stendhal.org_permalien.php?id=4682'),Texte 15,('http:__manuscrits-de-stendhal.org_permalien.php?id=1182'),12548
Texte 1,('http:__manuscrits-de-stendhal.org_permalien.php?id=4682'),Texte 16,('http:__manuscrits-de-stendhal.org_permalien.php?id=1886'),220314
Texte 1,('http:__manuscrits-de-stendhal.org_permalien.php?id=4682'),Texte 17,('http:__manuscrits-de-stendhal.org_permalien.php?id=4406'),0
Texte 1,('http:__manuscrits-de-stendhal.org_permalien.php?id=4682'),Texte 18,('http:__manuscrits-de-stendhal.org_permalien.php?id=4653'),0
Texte 1,('http:__manuscrits-de-stendhal.org_permalien.php?id=4682'),Texte 19,('http:__manuscrits-de-stendhal.org_permalien.php?id=4409'),336729
Texte 2,('http:__manuscrits-de-stendhal.org_permalien.php?id=4681'),Texte 3,('http:__manuscrits-de-stendhal.org_permalien.php?id=4665'),6140
Texte 2,('http:__manuscrits-de-stendhal.org_permalien.php?id=4681'),Texte 4,('http:__manuscrits-de-stendhal.org_permalien.php?id=1181'),294
Texte 2,('http:__manuscrits-de-stendhal.org_permalien.php?id=4681'),Texte 5,('http:__manuscrits-de-stendhal.org_permalien.php?id=2148'),142861
Texte 2,('http:__manuscrits-de-stendhal.org_permalien.php?id=4681'),Texte 6,('http:__manuscrits-de-stendhal.org_permalien.php?id=2150'),174505
Texte 2,('http:__manuscrits-de-stendhal.org_permalien.php?id=4681'),Texte 7,('http:__manuscrits-de-stendhal.org_permalien.php?id=2149'),4796
Texte 2,('http:__manuscrits-de-stendhal.org_permalien.php?id=4681'),Texte 8,('http:__manuscrits-de-stendhal.org_permalien.php?id=2151'),4336
Texte 2,('http:__manuscrits-de-stendhal.org_permalien.php?id=4681'),Texte 9,('http:__manuscrits-de-stendhal.org_permalien.php?id=2152'),3371
Texte 2,('http:__manuscrits-de-stendhal.org_permalien.php?id=4681'),Texte 10,('http:__manuscrits-de-stendhal.org_permalien.php?id=4398'),588081
Texte 2,('http:__manuscrits-de-stendhal.org_permalien.php?id=4681'),Texte 11,('http:__manuscrits-de-stendhal.org_permalien.php?id=4400'),92482
Texte 2,('http:__manuscrits-de-stendhal.org_permalien.php?id=4681'),Texte 12,('http:__manuscrits-de-stendhal.org_permalien.php?id=4402'),0
Texte 2,('http:__manuscrits-de-stendhal.org_permalien.php?id=4681'),Texte 13,('http:__manuscrits-de-stendhal.org_permalien.php?id=4404'),0
Texte 2,('http:__manuscrits-de-stendhal.org_permalien.php?id=4681'),Texte 14,('http:__manuscrits-de-stendhal.org_permalien.php?id=1887'),457217
Texte 2,('http:__manuscrits-de-stendhal.org_permalien.php?id=4681'),Texte 15,('http:__manuscrits-de-stendhal.org_permalien.php?id=1182'),4641
Texte 2,('http:__manuscrits-de-stendhal.org_permalien.php?id=4681'),Texte 16,('http:__manuscrits-de-stendhal.org_permalien.php?id=1886'),2004
Texte 2,('http:__manuscrits-de-stendhal.org_permalien.php?id=4681'),Texte 17,('http:__manuscrits-de-stendhal.org_permalien.php?id=4406'),0
Texte 2,('http:__manuscrits-de-stendhal.org_permalien.php?id=4681'),Texte 18,('http:__manuscrits-de-stendhal.org_permalien.php?id=4653'),0
Texte 2,('http:__manuscrits-de-stendhal.org_permalien.php?id=4681'),Texte 19,('http:__manuscrits-de-stendhal.org_permalien.php?id=4409'),251034
Texte 3,('http:__manuscrits-de-stendhal.org_permalien.php?id=4665'),Texte 4,('http:__manuscrits-de-stendhal.org_permalien.php?id=1181'),464399
Texte 3,('http:__manuscrits-de-stendhal.org_permalien.php?id=4665'),Texte 5,('http:__manuscrits-de-stendhal.org_permalien.php?id=2148'),1320480
Texte 3,('http:__manuscrits-de-stendhal.org_permalien.php?id=4665'),Texte 6,('http:__manuscrits-de-stendhal.org_permalien.php?id=2150'),105684
Texte 3,('http:__manuscrits-de-stendhal.org_permalien.php?id=4665'),Texte 7,('http:__manuscrits-de-stendhal.org_permalien.php?id=2149'),917977
Texte 3,('http:__manuscrits-de-stendhal.org_permalien.php?id=4665'),Texte 8,('http:__manuscrits-de-stendhal.org_permalien.php?id=2151'),1157797
Texte 3,('http:__manuscrits-de-stendhal.org_permalien.php?id=4665'),Texte 9,('http:__manuscrits-de-stendhal.org_permalien.php?id=2152'),252732
Texte 3,('http:__manuscrits-de-stendhal.org_permalien.php?id=4665'),Texte 10,('http:__manuscrits-de-stendhal.org_permalien.php?id=4398'),7179
Texte 3,('http:__manuscrits-de-stendhal.org_permalien.php?id=4665'),Texte 11,('http:__manuscrits-de-stendhal.org_permalien.php?id=4400'),107813
Texte 3,('http:__manuscrits-de-stendhal.org_permalien.php?id=4665'),Texte 12,('http:__manuscrits-de-stendhal.org_permalien.php?id=4402'),0
Texte 3,('http:__manuscrits-de-stendhal.org_permalien.php?id=4665'),Texte 13,('http:__manuscrits-de-stendhal.org_permalien.php?id=4404'),0
Texte 3,('http:__manuscrits-de-stendhal.org_permalien.php?id=4665'),Texte 14,('http:__manuscrits-de-stendhal.org_permalien.php?id=1887'),465851
Texte 3,('http:__manuscrits-de-stendhal.org_permalien.php?id=4665'),Texte 15,('http:__manuscrits-de-stendhal.org_permalien.php?id=1182'),1142235
Texte 3,('http:__manuscrits-de-stendhal.org_permalien.php?id=4665'),Texte 16,('http:__manuscrits-de-stendhal.org_permalien.php?id=1886'),6754
Texte 3,('http:__manuscrits-de-stendhal.org_permalien.php?id=4665'),Texte 17,('http:__manuscrits-de-stendhal.org_permalien.php?id=4406'),0
Texte 3,('http:__manuscrits-de-stendhal.org_permalien.php?id=4665'),Texte 18,('http:__manuscrits-de-stendhal.org_permalien.php?id=4653'),0
Texte 3,('http:__manuscrits-de-stendhal.org_permalien.php?id=4665'),Texte 19,('http:__manuscrits-de-stendhal.org_permalien.php?id=4409'),1753945
Texte 4,('http:__manuscrits-de-stendhal.org_permalien.php?id=1181'),Texte 5,('http:__manuscrits-de-stendhal.org_permalien.php?id=2148'),287245
Texte 4,('http:__manuscrits-de-stendhal.org_permalien.php?id=1181'),Texte 6,('http:__manuscrits-de-stendhal.org_permalien.php?id=2150'),3058
Texte 4,('http:__manuscrits-de-stendhal.org_permalien.php?id=1181'),Texte 7,('http:__manuscrits-de-stendhal.org_permalien.php?id=2149'),740127
Texte 4,('http:__manuscrits-de-stendhal.org_permalien.php?id=1181'),Texte 8,('http:__manuscrits-de-stendhal.org_permalien.php?id=2151'),867527
Texte 4,('http:__manuscrits-de-stendhal.org_permalien.php?id=1181'),Texte 9,('http:__manuscrits-de-stendhal.org_permalien.php?id=2152'),1018
Texte 4,('http:__manuscrits-de-stendhal.org_permalien.php?id=1181'),Texte 10,('http:__manuscrits-de-stendhal.org_permalien.php?id=4398'),2062
Texte 4,('http:__manuscrits-de-stendhal.org_permalien.php?id=1181'),Texte 11,('http:__manuscrits-de-stendhal.org_permalien.php?id=4400'),4199
Texte 4,('http:__manuscrits-de-stendhal.org_permalien.php?id=1181'),Texte 12,('http:__manuscrits-de-stendhal.org_permalien.php?id=4402'),0
Texte 4,('http:__manuscrits-de-stendhal.org_permalien.php?id=1181'),Texte 13,('http:__manuscrits-de-stendhal.org_permalien.php?id=4404'),0
Texte 4,('http:__manuscrits-de-stendhal.org_permalien.php?id=1181'),Texte 14,('http:__manuscrits-de-stendhal.org_permalien.php?id=1887'),6974
Texte 4,('http:__manuscrits-de-stendhal.org_permalien.php?id=1181'),Texte 15,('http:__manuscrits-de-stendhal.org_permalien.php?id=1182'),3323
Texte 4,('http:__manuscrits-de-stendhal.org_permalien.php?id=1181'),Texte 16,('http:__manuscrits-de-stendhal.org_permalien.php?id=1886'),140289
Texte 4,('http:__manuscrits-de-stendhal.org_permalien.php?id=1181'),Texte 17,('http:__manuscrits-de-stendhal.org_permalien.php?id=4406'),0
Texte 4,('http:__manuscrits-de-stendhal.org_permalien.php?id=1181'),Texte 18,('http:__manuscrits-de-stendhal.org_permalien.php?id=4653'),0
Texte 4,('http:__manuscrits-de-stendhal.org_permalien.php?id=1181'),Texte 19,('http:__manuscrits-de-stendhal.org_permalien.php?id=4409'),369662
Texte 5,('http:__manuscrits-de-stendhal.org_permalien.php?id=2148'),Texte 6,('http:__manuscrits-de-stendhal.org_permalien.php?id=2150'),656987
Texte 5,('http:__manuscrits-de-stendhal.org_permalien.php?id=2148'),Texte 7,('http:__manuscrits-de-stendhal.org_permalien.php?id=2149'),1916314
Texte 5,('http:__manuscrits-de-stendhal.org_permalien.php?id=2148'),Texte 8,('http:__manuscrits-de-stendhal.org_permalien.php?id=2151'),1011579
Texte 5,('http:__manuscrits-de-stendhal.org_permalien.php?id=2148'),Texte 9,('http:__manuscrits-de-stendhal.org_permalien.php?id=2152'),833896
Texte 5,('http:__manuscrits-de-stendhal.org_permalien.php?id=2148'),Texte 10,('http:__manuscrits-de-stendhal.org_permalien.php?id=4398'),66573
Texte 5,('http:__manuscrits-de-stendhal.org_permalien.php?id=2148'),Texte 11,('http:__manuscrits-de-stendhal.org_permalien.php?id=4400'),1664857
Texte 5,('http:__manuscrits-de-stendhal.org_permalien.php?id=2148'),Texte 12,('http:__manuscrits-de-stendhal.org_permalien.php?id=4402'),0
Texte 5,('http:__manuscrits-de-stendhal.org_permalien.php?id=2148'),Texte 13,('http:__manuscrits-de-stendhal.org_permalien.php?id=4404'),0
Texte 5,('http:__manuscrits-de-stendhal.org_permalien.php?id=2148'),Texte 14,('http:__manuscrits-de-stendhal.org_permalien.php?id=1887'),1469264
Texte 5,('http:__manuscrits-de-stendhal.org_permalien.php?id=2148'),Texte 15,('http:__manuscrits-de-stendhal.org_permalien.php?id=1182'),1993847
Texte 5,('http:__manuscrits-de-stendhal.org_permalien.php?id=2148'),Texte 16,('http:__manuscrits-de-stendhal.org_permalien.php?id=1886'),355596
Texte 5,('http:__manuscrits-de-stendhal.org_permalien.php?id=2148'),Texte 17,('http:__manuscrits-de-stendhal.org_permalien.php?id=4406'),0
Texte 5,('http:__manuscrits-de-stendhal.org_permalien.php?id=2148'),Texte 18,('http:__manuscrits-de-stendhal.org_permalien.php?id=4653'),0
Texte 5,('http:__manuscrits-de-stendhal.org_permalien.php?id=2148'),Texte 19,('http:__manuscrits-de-stendhal.org_permalien.php?id=4409'),3912511
Texte 6,('http:__manuscrits-de-stendhal.org_permalien.php?id=2150'),Texte 7,('http:__manuscrits-de-stendhal.org_permalien.php?id=2149'),62548
Texte 6,('http:__manuscrits-de-stendhal.org_permalien.php?id=2150'),Texte 8,('http:__manuscrits-de-stendhal.org_permalien.php?id=2151'),595752
Texte 6,('http:__manuscrits-de-stendhal.org_permalien.php?id=2150'),Texte 9,('http:__manuscrits-de-stendhal.org_permalien.php?id=2152'),2132
Texte 6,('http:__manuscrits-de-stendhal.org_permalien.php?id=2150'),Texte 10,('http:__manuscrits-de-stendhal.org_permalien.php?id=4398'),295462
Texte 6,('http:__manuscrits-de-stendhal.org_permalien.php?id=2150'),Texte 11,('http:__manuscrits-de-stendhal.org_permalien.php?id=4400'),651357
Texte 6,('http:__manuscrits-de-stendhal.org_permalien.php?id=2150'),Texte 12,('http:__manuscrits-de-stendhal.org_permalien.php?id=4402'),0
Texte 6,('http:__manuscrits-de-stendhal.org_permalien.php?id=2150'),Texte 13,('http:__manuscrits-de-stendhal.org_permalien.php?id=4404'),0
Texte 6,('http:__manuscrits-de-stendhal.org_permalien.php?id=2150'),Texte 14,('http:__manuscrits-de-stendhal.org_permalien.php?id=1887'),230359
Texte 6,('http:__manuscrits-de-stendhal.org_permalien.php?id=2150'),Texte 15,('http:__manuscrits-de-stendhal.org_permalien.php?id=1182'),743822
Texte 6,('http:__manuscrits-de-stendhal.org_permalien.php?id=2150'),Texte 16,('http:__manuscrits-de-stendhal.org_permalien.php?id=1886'),5271
Texte 6,('http:__manuscrits-de-stendhal.org_permalien.php?id=2150'),Texte 17,('http:__manuscrits-de-stendhal.org_permalien.php?id=4406'),0
Texte 6,('http:__manuscrits-de-stendhal.org_permalien.php?id=2150'),Texte 18,('http:__manuscrits-de-stendhal.org_permalien.php?id=4653'),0
Texte 6,('http:__manuscrits-de-stendhal.org_permalien.php?id=2150'),Texte 19,('http:__manuscrits-de-stendhal.org_permalien.php?id=4409'),316381
Texte 7,('http:__manuscrits-de-stendhal.org_permalien.php?id=2149'),Texte 8,('http:__manuscrits-de-stendhal.org_permalien.php?id=2151'),1516074
Texte 7,('http:__manuscrits-de-stendhal.org_permalien.php?id=2149'),Texte 9,('http:__manuscrits-de-stendhal.org_permalien.php?id=2152'),542473
Texte 7,('http:__manuscrits-de-stendhal.org_permalien.php?id=2149'),Texte 10,('http:__manuscrits-de-stendhal.org_permalien.php?id=4398'),1155309
Texte 7,('http:__manuscrits-de-stendhal.org_permalien.php?id=2149'),Texte 11,('http:__manuscrits-de-stendhal.org_permalien.php?id=4400'),125037
Texte 7,('http:__manuscrits-de-stendhal.org_permalien.php?id=2149'),Texte 12,('http:__manuscrits-de-stendhal.org_permalien.php?id=4402'),0
Texte 7,('http:__manuscrits-de-stendhal.org_permalien.php?id=2149'),Texte 13,('http:__manuscrits-de-stendhal.org_permalien.php?id=4404'),72
Texte 7,('http:__manuscrits-de-stendhal.org_permalien.php?id=2149'),Texte 14,('http:__manuscrits-de-stendhal.org_permalien.php?id=1887'),3408854
Texte 7,('http:__manuscrits-de-stendhal.org_permalien.php?id=2149'),Texte 15,('http:__manuscrits-de-stendhal.org_permalien.php?id=1182'),1067529
Texte 7,('http:__manuscrits-de-stendhal.org_permalien.php?id=2149'),Texte 16,('http:__manuscrits-de-stendhal.org_permalien.php?id=1886'),206189
Texte 7,('http:__manuscrits-de-stendhal.org_permalien.php?id=2149'),Texte 17,('http:__manuscrits-de-stendhal.org_permalien.php?id=4406'),0
Texte 7,('http:__manuscrits-de-stendhal.org_permalien.php?id=2149'),Texte 18,('http:__manuscrits-de-stendhal.org_permalien.php?id=4653'),72
Texte 7,('http:__manuscrits-de-stendhal.org_permalien.php?id=2149'),Texte 19,('http:__manuscrits-de-stendhal.org_permalien.php?id=4409'),1027810
Texte 8,('http:__manuscrits-de-stendhal.org_permalien.php?id=2151'),Texte 9,('http:__manuscrits-de-stendhal.org_permalien.php?id=2152'),212469
Texte 8,('http:__manuscrits-de-stendhal.org_permalien.php?id=2151'),Texte 10,('http:__manuscrits-de-stendhal.org_permalien.php?id=4398'),47030
Texte 8,('http:__manuscrits-de-stendhal.org_permalien.php?id=2151'),Texte 11,('http:__manuscrits-de-stendhal.org_permalien.php?id=4400'),477146
Texte 8,('http:__manuscrits-de-stendhal.org_permalien.php?id=2151'),Texte 12,('http:__manuscrits-de-stendhal.org_permalien.php?id=4402'),0
Texte 8,('http:__manuscrits-de-stendhal.org_permalien.php?id=2151'),Texte 13,('http:__manuscrits-de-stendhal.org_permalien.php?id=4404'),0
Texte 8,('http:__manuscrits-de-stendhal.org_permalien.php?id=2151'),Texte 14,('http:__manuscrits-de-stendhal.org_permalien.php?id=1887'),380999
Texte 8,('http:__manuscrits-de-stendhal.org_permalien.php?id=2151'),Texte 15,('http:__manuscrits-de-stendhal.org_permalien.php?id=1182'),3064391
Texte 8,('http:__manuscrits-de-stendhal.org_permalien.php?id=2151'),Texte 16,('http:__manuscrits-de-stendhal.org_permalien.php?id=1886'),36440
Texte 8,('http:__manuscrits-de-stendhal.org_permalien.php?id=2151'),Texte 17,('http:__manuscrits-de-stendhal.org_permalien.php?id=4406'),0
Texte 8,('http:__manuscrits-de-stendhal.org_permalien.php?id=2151'),Texte 18,('http:__manuscrits-de-stendhal.org_permalien.php?id=4653'),0
Texte 8,('http:__manuscrits-de-stendhal.org_permalien.php?id=2151'),Texte 19,('http:__manuscrits-de-stendhal.org_permalien.php?id=4409'),2315773
Texte 9,('http:__manuscrits-de-stendhal.org_permalien.php?id=2152'),Texte 10,('http:__manuscrits-de-stendhal.org_permalien.php?id=4398'),71102
Texte 9,('http:__manuscrits-de-stendhal.org_permalien.php?id=2152'),Texte 11,('http:__manuscrits-de-stendhal.org_permalien.php?id=4400'),10664
Texte 9,('http:__manuscrits-de-stendhal.org_permalien.php?id=2152'),Texte 12,('http:__manuscrits-de-stendhal.org_permalien.php?id=4402'),0
Texte 9,('http:__manuscrits-de-stendhal.org_permalien.php?id=2152'),Texte 13,('http:__manuscrits-de-stendhal.org_permalien.php?id=4404'),0
Texte 9,('http:__manuscrits-de-stendhal.org_permalien.php?id=2152'),Texte 14,('http:__manuscrits-de-stendhal.org_permalien.php?id=1887'),447972
Texte 9,('http:__manuscrits-de-stendhal.org_permalien.php?id=2152'),Texte 15,('http:__manuscrits-de-stendhal.org_permalien.php?id=1182'),14508
Texte 9,('http:__manuscrits-de-stendhal.org_permalien.php?id=2152'),Texte 16,('http:__manuscrits-de-stendhal.org_permalien.php?id=1886'),3723
Texte 9,('http:__manuscrits-de-stendhal.org_permalien.php?id=2152'),Texte 17,('http:__manuscrits-de-stendhal.org_permalien.php?id=4406'),0
Texte 9,('http:__manuscrits-de-stendhal.org_permalien.php?id=2152'),Texte 18,('http:__manuscrits-de-stendhal.org_permalien.php?id=4653'),0
Texte 9,('http:__manuscrits-de-stendhal.org_permalien.php?id=2152'),Texte 19,('http:__manuscrits-de-stendhal.org_permalien.php?id=4409'),243284
Texte 10,('http:__manuscrits-de-stendhal.org_permalien.php?id=4398'),Texte 11,('http:__manuscrits-de-stendhal.org_permalien.php?id=4400'),486345
Texte 10,('http:__manuscrits-de-stendhal.org_permalien.php?id=4398'),Texte 12,('http:__manuscrits-de-stendhal.org_permalien.php?id=4402'),0
Texte 10,('http:__manuscrits-de-stendhal.org_permalien.php?id=4398'),Texte 13,('http:__manuscrits-de-stendhal.org_permalien.php?id=4404'),0
Texte 10,('http:__manuscrits-de-stendhal.org_permalien.php?id=4398'),Texte 14,('http:__manuscrits-de-stendhal.org_permalien.php?id=1887'),317861
Texte 10,('http:__manuscrits-de-stendhal.org_permalien.php?id=4398'),Texte 15,('http:__manuscrits-de-stendhal.org_permalien.php?id=1182'),3317072
Texte 10,('http:__manuscrits-de-stendhal.org_permalien.php?id=4398'),Texte 16,('http:__manuscrits-de-stendhal.org_permalien.php?id=1886'),144259
Texte 10,('http:__manuscrits-de-stendhal.org_permalien.php?id=4398'),Texte 17,('http:__manuscrits-de-stendhal.org_permalien.php?id=4406'),0
Texte 10,('http:__manuscrits-de-stendhal.org_permalien.php?id=4398'),Texte 18,('http:__manuscrits-de-stendhal.org_permalien.php?id=4653'),0
Texte 10,('http:__manuscrits-de-stendhal.org_permalien.php?id=4398'),Texte 19,('http:__manuscrits-de-stendhal.org_permalien.php?id=4409'),403321
Texte 11,('http:__manuscrits-de-stendhal.org_permalien.php?id=4400'),Texte 12,('http:__manuscrits-de-stendhal.org_permalien.php?id=4402'),0
Texte 11,('http:__manuscrits-de-stendhal.org_permalien.php?id=4400'),Texte 13,('http:__manuscrits-de-stendhal.org_permalien.php?id=4404'),0
Texte 11,('http:__manuscrits-de-stendhal.org_permalien.php?id=4400'),Texte 14,('http:__manuscrits-de-stendhal.org_permalien.php?id=1887'),243620
Texte 11,('http:__manuscrits-de-stendhal.org_permalien.php?id=4400'),Texte 15,('http:__manuscrits-de-stendhal.org_permalien.php?id=1182'),2739526
Texte 11,('http:__manuscrits-de-stendhal.org_permalien.php?id=4400'),Texte 16,('http:__manuscrits-de-stendhal.org_permalien.php?id=1886'),10530
Texte 11,('http:__manuscrits-de-stendhal.org_permalien.php?id=4400'),Texte 17,('http:__manuscrits-de-stendhal.org_permalien.php?id=4406'),0
Texte 11,('http:__manuscrits-de-stendhal.org_permalien.php?id=4400'),Texte 18,('http:__manuscrits-de-stendhal.org_permalien.php?id=4653'),0
Texte 11,('http:__manuscrits-de-stendhal.org_permalien.php?id=4400'),Texte 19,('http:__manuscrits-de-stendhal.org_permalien.php?id=4409'),473050
Texte 12,('http:__manuscrits-de-stendhal.org_permalien.php?id=4402'),Texte 13,('http:__manuscrits-de-stendhal.org_permalien.php?id=4404'),0
Texte 12,('http:__manuscrits-de-stendhal.org_permalien.php?id=4402'),Texte 14,('http:__manuscrits-de-stendhal.org_permalien.php?id=1887'),0
Texte 12,('http:__manuscrits-de-stendhal.org_permalien.php?id=4402'),Texte 15,('http:__manuscrits-de-stendhal.org_permalien.php?id=1182'),0
Texte 12,('http:__manuscrits-de-stendhal.org_permalien.php?id=4402'),Texte 16,('http:__manuscrits-de-stendhal.org_permalien.php?id=1886'),0
Texte 12,('http:__manuscrits-de-stendhal.org_permalien.php?id=4402'),Texte 17,('http:__manuscrits-de-stendhal.org_permalien.php?id=4406'),0
Texte 12,('http:__manuscrits-de-stendhal.org_permalien.php?id=4402'),Texte 18,('http:__manuscrits-de-stendhal.org_permalien.php?id=4653'),0
Texte 12,('http:__manuscrits-de-stendhal.org_permalien.php?id=4402'),Texte 19,('http:__manuscrits-de-stendhal.org_permalien.php?id=4409'),0
Texte 13,('http:__manuscrits-de-stendhal.org_permalien.php?id=4404'),Texte 14,('http:__manuscrits-de-stendhal.org_permalien.php?id=1887'),0
Texte 13,('http:__manuscrits-de-stendhal.org_permalien.php?id=4404'),Texte 15,('http:__manuscrits-de-stendhal.org_permalien.php?id=1182'),0
Texte 13,('http:__manuscrits-de-stendhal.org_permalien.php?id=4404'),Texte 16,('http:__manuscrits-de-stendhal.org_permalien.php?id=1886'),0
Texte 13,('http:__manuscrits-de-stendhal.org_permalien.php?id=4404'),Texte 17,('http:__manuscrits-de-stendhal.org_permalien.php?id=4406'),0
Texte 13,('http:__manuscrits-de-stendhal.org_permalien.php?id=4404'),Texte 18,('http:__manuscrits-de-stendhal.org_permalien.php?id=4653'),0
Texte 13,('http:__manuscrits-de-stendhal.org_permalien.php?id=4404'),Texte 19,('http:__manuscrits-de-stendhal.org_permalien.php?id=4409'),0
Texte 14,('http:__manuscrits-de-stendhal.org_permalien.php?id=1887'),Texte 15,('http:__manuscrits-de-stendhal.org_permalien.php?id=1182'),211514
Texte 14,('http:__manuscrits-de-stendhal.org_permalien.php?id=1887'),Texte 16,('http:__manuscrits-de-stendhal.org_permalien.php?id=1886'),455769
Texte 14,('http:__manuscrits-de-stendhal.org_permalien.php?id=1887'),Texte 17,('http:__manuscrits-de-stendhal.org_permalien.php?id=4406'),0
Texte 14,('http:__manuscrits-de-stendhal.org_permalien.php?id=1887'),Texte 18,('http:__manuscrits-de-stendhal.org_permalien.php?id=4653'),0
Texte 14,('http:__manuscrits-de-stendhal.org_permalien.php?id=1887'),Texte 19,('http:__manuscrits-de-stendhal.org_permalien.php?id=4409'),461851
Texte 15,('http:__manuscrits-de-stendhal.org_permalien.php?id=1182'),Texte 16,('http:__manuscrits-de-stendhal.org_permalien.php?id=1886'),56068718
Texte 15,('http:__manuscrits-de-stendhal.org_permalien.php?id=1182'),Texte 17,('http:__manuscrits-de-stendhal.org_permalien.php?id=4406'),0
Texte 15,('http:__manuscrits-de-stendhal.org_permalien.php?id=1182'),Texte 18,('http:__manuscrits-de-stendhal.org_permalien.php?id=4653'),0
Texte 15,('http:__manuscrits-de-stendhal.org_permalien.php?id=1182'),Texte 19,('http:__manuscrits-de-stendhal.org_permalien.php?id=4409'),53735893
Texte 16,('http:__manuscrits-de-stendhal.org_permalien.php?id=1886'),Texte 17,('http:__manuscrits-de-stendhal.org_permalien.php?id=4406'),0
Texte 16,('http:__manuscrits-de-stendhal.org_permalien.php?id=1886'),Texte 18,('http:__manuscrits-de-stendhal.org_permalien.php?id=4653'),0
Texte 16,('http:__manuscrits-de-stendhal.org_permalien.php?id=1886'),Texte 19,('http:__manuscrits-de-stendhal.org_permalien.php?id=4409'),25869525
Texte 17,('http:__manuscrits-de-stendhal.org_permalien.php?id=4406'),Texte 18,('http:__manuscrits-de-stendhal.org_permalien.php?id=4653'),0
Texte 17,('http:__manuscrits-de-stendhal.org_permalien.php?id=4406'),Texte 19,('http:__manuscrits-de-stendhal.org_permalien.php?id=4409'),0
Texte 18,('http:__manuscrits-de-stendhal.org_permalien.php?id=4653'),Texte 19,('http:__manuscrits-de-stendhal.org_permalien.php?id=4409'),0
